,,,,,,,,,,,,,,,,,,,,,,,,,,,,
Estimates of country-level lifetime risk (LTR) of maternal death 2000-2023,,,,,,,,,,,,,,,,,,,,,,,,,,,,
"Source: WHO, UNICEF, UNFPA, World Bank Group and UNPD (MMEIG) - April 2025",,,,,,,,,,,,,,,,,,,,,,,,,,,,
,,,,,,,,,,,,,,,,,,,,,,,,,,,,
ISO Code,Country,UNICEF Programme Region,UNICEF Reporting Region,UNICEF Sub-Reporting Region,2000,2001,2002,2003,2004,2005,2006,2007,2008,2009,2010,2011,2012,2013,2014,2015,2016,2017,2018,2019,2020,2021,2022,2023
AFG,Afghanistan,South Asia,South Asia,South Asia,10,11,11,12,13,14,14,15,17,18,19,20,21,22,24,25,26,29,31,33,32,31,37,40
ALB,Albania,Europe and Central Asia,Europe and Central Asia,Eastern Europe and Central Asia,3064,3482,3906,4024,4469,5013,5731,6541,7143,7314,7308,7215,6705,6448,6589,7308,8190,9113,10067,10478,10703,5425,9461,10999
DZA,Algeria,Middle East and North Africa,Middle East and North Africa,Middle East and North Africa,337,374,429,428,464,470,467,457,441,436,432,433,413,414,401,406,411,420,443,465,364,465,590,633
AND,Andorra,Industrialized,Europe and Central Asia,Western Europe,5338,5430,5860,7162,7206,6501,7692,7329,7114,7389,6569,7501,7620,9964,9771,9363,10165,9600,10736,11054,2469,6619,7014,10866
AGO,Angola,Eastern and Southern Africa,Sub-Saharan Africa,Eastern and Southern Africa,25,26,28,31,33,36,38,41,45,48,52,56,61,65,66,70,75,82,87,91,95,89,103,106
ATG,Antigua and Barbuda,Latin America and the Caribbean,Latin America and Caribbean,Latin America and Caribbean,1254,1442,1508,1682,1731,1837,1911,1855,1759,1761,2045,2120,2281,2339,2368,2476,2821,2486,2737,2423,2099,2274,2016,2108
ARG,Argentina,Latin America and the Caribbean,Latin America and Caribbean,Latin America and Caribbean,702,688,710,701,735,748,723,711,721,699,788,896,918,956,1008,1155,1188,1272,1336,1559,1691,894,1866,2189
ARM,Armenia,Europe and Central Asia,Europe and Central Asia,Eastern Europe and Central Asia,1901,2039,2116,2071,2094,2166,2224,2218,2218,2218,2266,2264,2261,2277,2337,2463,2532,2749,2831,2880,1564,1144,2532,3556
AUS,Australia,Industrialized,East Asia and Pacific,East Asia and Pacific,9627,11212,11692,11920,12537,12915,12528,11553,11597,10960,10917,10229,10154,10174,10377,10447,10378,11119,11597,12172,13011,15036,18170,28182
AUT,Austria,Industrialized,Europe and Central Asia,Western Europe,12376,13981,13617,13679,15021,14328,15268,15530,15673,14960,14015,13860,14260,13976,12708,12260,11924,12224,11300,11872,14258,12918,10749,13905
AZE,Azerbaijan,Europe and Central Asia,Europe and Central Asia,Eastern Europe and Central Asia,1291,1438,1638,1600,1355,1343,1560,1614,1818,1958,1903,1897,1710,2000,2122,2311,2311,2445,2669,2730,2916,1184,2142,3910
BHS,Bahamas,Latin America and the Caribbean,Latin America and Caribbean,Latin America and Caribbean,972,1059,1136,934,783,773,732,694,693,666,772,847,905,876,861,865,975,999,972,986,953,466,1015,1075
BHR,Bahrain,Middle East and North Africa,Middle East and North Africa,Middle East and North Africa,1352,1560,1640,1666,1717,1818,1999,2227,2391,2572,2554,2554,2660,2679,2776,2806,2870,2940,3069,3069,7643,5560,10584,3315
BGD,Bangladesh,South Asia,South Asia,South Asia,52,56,61,67,75,84,93,101,114,125,140,155,169,181,196,211,226,245,261,278,286,225,331,381
BRB,Barbados,Latin America and the Caribbean,Latin America and Caribbean,Latin America and Caribbean,1275,1280,1438,1405,1527,1556,1568,1628,1649,1627,1617,1663,1761,1761,1816,1891,1930,1910,1903,1912,1807,1808,1827,1993
BLR,Belarus,Europe and Central Asia,Europe and Central Asia,Eastern Europe and Central Asia,4661,5450,6419,7322,8667,10372,12374,15122,18436,22088,26107,30492,33327,37316,40415,44551,49908,59085,64621,68846,50601,47985,85688,96213
BEL,Belgium,Industrialized,Europe and Central Asia,Western Europe,8711,9227,9889,10337,10488,10368,10464,9924,10329,10532,10583,11273,12461,12214,12995,13627,14295,14834,15165,16394,17328,9638,6819,21405
BLZ,Belize,Latin America and the Caribbean,Latin America and Caribbean,Latin America and Caribbean,325,345,397,420,460,494,564,637,714,803,914,959,944,924,884,835,781,725,682,733,539,340,463,733
BEN,Benin,West and Central Africa,Sub-Saharan Africa,West and Central Africa,33,33,34,34,34,36,36,37,33,32,32,31,31,32,32,32,33,34,35,37,37,38,41,44
BTN,Bhutan,South Asia,South Asia,South Asia,91,109,128,150,171,193,220,251,291,332,395,458,530,594,667,754,863,1015,1156,1286,1270,1324,1379,1459
BOL,Bolivia (Plurinational State of),Latin America and the Caribbean,Latin America and Caribbean,Latin America and Caribbean,88,94,101,105,110,116,120,129,139,148,158,169,180,189,198,208,217,225,232,238,174,143,237,271
BIH,Bosnia and Herzegovina,Europe and Central Asia,Europe and Central Asia,Eastern Europe and Central Asia,7383,8157,8567,8856,9073,9611,10307,10616,10841,10989,11573,12967,13241,13377,13787,13593,13722,13284,12285,13255,11576,6997,7725,14753
BWA,Botswana,Eastern and Southern Africa,Sub-Saharan Africa,Eastern and Southern Africa,243,242,244,242,229,205,164,163,164,152,141,120,112,148,155,234,456,714,335,333,343,207,283,225
BRA,Brazil,Latin America and the Caribbean,Latin America and Caribbean,Latin America and Caribbean,633,682,716,734,723,719,734,752,786,824,877,946,993,981,943,953,976,1016,997,990,784,530,659,1037
BRN,Brunei Darussalam,East Asia and the Pacific,East Asia and Pacific,East Asia and Pacific,874,939,986,1054,1140,1221,1283,1346,1361,1365,1354,1319,1295,1312,1332,1362,1398,1434,1470,1528,1549,1375,692,1695
BGR,Bulgaria,Europe and Central Asia,Europe and Central Asia,Eastern Europe and Central Asia,4748,5509,6241,6574,6519,6725,7008,7443,7744,7717,8269,9387,10627,11281,10712,10952,11452,11811,12035,12652,9529,8927,7830,13799
BFA,Burkina Faso,West and Central Africa,Sub-Saharan Africa,West and Central Africa,32,33,33,34,36,37,37,38,40,41,43,45,47,50,53,57,61,66,73,80,69,67,76,102
BDI,Burundi,Eastern and Southern Africa,Sub-Saharan Africa,Eastern and Southern Africa,21,22,23,25,25,25,25,25,26,27,27,28,30,31,33,33,36,39,42,44,46,47,52,57
CPV,Cabo Verde,West and Central Africa,Sub-Saharan Africa,West and Central Africa,241,276,318,360,405,460,487,534,599,674,666,742,859,916,970,1035,1087,1147,1240,1396,1094,1148,1561,1650
KHM,Cambodia,East Asia and the Pacific,East Asia and Pacific,East Asia and Pacific,61,67,76,86,94,102,109,114,124,136,150,166,181,195,206,214,224,232,240,247,229,204,249,295
CMR,Cameroon,West and Central Africa,Sub-Saharan Africa,West and Central Africa,27,28,28,29,29,30,30,31,32,33,34,36,40,43,46,49,52,55,59,63,68,65,82,89
CAN,Canada,Industrialized,North America,North America,8804,8266,8061,7750,7680,7043,6831,6526,6125,6032,6456,6484,6350,6540,6267,6389,6039,6023,5964,6183,4705,5655,5520,6911
CAF,Central African Republic,West and Central Africa,Sub-Saharan Africa,West and Central Africa,13,13,13,13,14,14,14,15,15,19,15,16,16,16,17,18,18,16,19,11,13,15,24,24
TCD,Chad,West and Central Africa,Sub-Saharan Africa,West and Central Africa,12,12,12,13,13,12,12,12,12,12,12,12,12,13,13,14,14,15,16,17,19,20,22,24
CHL,Chile,Latin America and the Caribbean,Latin America and Caribbean,Latin America and Caribbean,1550,1663,1807,1940,2079,2159,2261,2326,2423,2473,2746,3025,3335,3646,3952,4396,4981,5837,6230,6838,6665,6331,7278,9268
CHN,China,East Asia and the Pacific,East Asia and Pacific,East Asia and Pacific,1140,1300,1406,1522,1599,1705,1791,1854,1782,1913,1978,2053,1942,2166,2234,2576,2602,2724,3452,3726,4830,5118,6411,7580
COL,Colombia,Latin America and the Caribbean,Latin America and Caribbean,Latin America and Caribbean,402,418,439,472,503,538,564,584,610,641,674,712,748,779,809,841,888,905,915,930,663,429,854,1085
COM,Comoros,Eastern and Southern Africa,Sub-Saharan Africa,Eastern and Southern Africa,43,47,49,53,55,58,60,62,66,69,73,77,82,88,94,99,106,112,119,125,129,122,143,151
COG,Congo,West and Central Africa,Sub-Saharan Africa,West and Central Africa,44,45,47,50,55,57,56,59,54,52,54,55,56,67,72,78,86,88,90,97,97,81,103,104
COK,Cook Islands,East Asia and the Pacific,East Asia and Pacific,East Asia and Pacific,96716,119766,158960,204368,265370,268499,215779,233308,247290,256846,331799,341204,336187,336777,339688,340878,340619,326767,312933,303438,377018,438819,173330,550710
CRI,Costa Rica,Latin America and the Caribbean,Latin America and Caribbean,Latin America and Caribbean,1169,1235,1378,1468,1530,1607,1756,1730,1733,1823,1966,1949,2053,2215,2198,2300,2245,2296,2204,2598,2176,1816,2963,3404
CIV,Côte d'Ivoire,West and Central Africa,Sub-Saharan Africa,West and Central Africa,46,44,42,41,41,38,35,34,34,33,33,34,34,36,38,40,42,45,49,52,51,50,58,67
HRV,Croatia,Europe and Central Asia,Europe and Central Asia,Eastern Europe and Central Asia,11087,11208,11602,11193,12068,11696,12663,12830,12528,12704,13641,15081,15558,17526,18237,21084,22046,23026,24429,23367,15775,6146,14660,27841
CUB,Cuba,Latin America and the Caribbean,Latin America and Caribbean,Latin America and Caribbean,1394,1501,1513,1598,1729,1884,2073,2046,1801,1647,1700,1657,1774,1789,1834,1841,1989,2065,2030,2075,2118,512,2146,2473
CYP,Cyprus,Industrialized,Europe and Central Asia,Western Europe,5576,6180,6730,6795,6799,6992,7182,7646,7340,7502,7530,7682,7473,7685,7127,6762,6386,6322,6092,5770,858,752,1400,5525
CZE,Czechia,Industrialized,Europe and Central Asia,Western Europe,14602,15255,16072,16357,16866,16239,16866,16667,16114,16550,18059,19694,20416,22033,22504,22630,21560,23092,22586,21844,21176,15325,26124,31604
PRK,Democratic People's Republic of Korea,East Asia and the Pacific,East Asia and Pacific,East Asia and Pacific,380,391,406,722,746,779,762,773,785,832,853,865,869,874,888,897,899,910,921,950,945,873,934,933
COD,Democratic Republic of the Congo,West and Central Africa,Sub-Saharan Africa,West and Central Africa,28,28,28,28,28,28,27,27,27,27,28,28,29,29,30,31,32,33,33,34,35,34,38,41
DNK,Denmark,Industrialized,Europe and Central Asia,Western Europe,7116,7258,7421,7660,7855,8477,8745,8565,8707,9394,9906,11265,12487,13971,13663,14511,13411,14902,14798,16356,16919,8649,13061,20033
DJI,Djibouti,Middle East and North Africa,Sub-Saharan Africa,Eastern and Southern Africa,50,57,63,65,72,86,95,103,112,119,133,144,154,159,169,174,184,191,198,207,214,189,243,265
DMA,Dominica,Latin America and the Caribbean,Latin America and Caribbean,Latin America and Caribbean,699,735,853,911,953,985,957,1003,1050,1141,1167,1216,1161,1272,1185,1049,1371,1629,1667,1751,1538,661,1657,2052
DOM,Dominican Republic,Latin America and the Caribbean,Latin America and Caribbean,Latin America and Caribbean,425,483,497,491,465,448,446,431,409,396,417,427,443,437,423,400,392,403,394,363,361,293,364,369
ECU,Ecuador,Latin America and the Caribbean,Latin America and Caribbean,Latin America and Caribbean,254,275,299,327,351,371,393,420,436,448,470,492,542,616,674,704,731,769,786,809,565,573,802,1022
EGY,Egypt,Middle East and North Africa,Middle East and North Africa,Middle East and North Africa,536,575,611,648,691,727,762,791,827,864,897,948,979,1012,1083,1152,1303,1405,1654,1837,1142,894,1557,2223
SLV,El Salvador,Latin America and the Caribbean,Latin America and Caribbean,Latin America and Caribbean,635,705,850,950,1090,1158,1208,1237,1278,1251,1278,1251,1245,1186,1145,1118,1164,1196,1258,1344,1147,952,1454,1455
GNQ,Equatorial Guinea,West and Central Africa,Sub-Saharan Africa,West and Central Africa,46,48,52,56,60,62,65,67,70,73,76,78,82,87,91,95,99,103,108,114,116,116,130,140
ERI,Eritrea,Eastern and Southern Africa,Sub-Saharan Africa,Eastern and Southern Africa,27,32,32,37,36,38,39,41,43,44,46,49,52,55,57,60,64,67,71,75,80,79,90,94
EST,Estonia,Industrialized,Europe and Central Asia,Western Europe,3242,3643,3963,4834,5218,5272,5860,5444,6376,6886,8447,7927,9278,11395,10632,11001,9603,12939,12357,11134,12013,8472,11475,17634
ETH,Ethiopia,Eastern and Southern Africa,Sub-Saharan Africa,Eastern and Southern Africa,19,19,20,21,23,23,24,26,28,30,32,35,39,45,51,57,63,71,78,86,95,95,116,126
FJI,Fiji,East Asia and the Pacific,East Asia and Pacific,East Asia and Pacific,726,749,716,734,758,788,811,827,857,894,951,999,941,985,1051,1079,1087,1221,1234,1281,1323,667,1451,1546
FIN,Finland,Industrialized,Europe and Central Asia,Western Europe,10133,10506,10356,10464,9428,8860,9651,9165,9091,8315,8439,9024,8502,8629,9843,9731,9793,9695,10083,9872,9501,9001,10126,11064
FRA,France,Industrialized,Europe and Central Asia,Western Europe,6520,6666,6771,6811,6877,6765,6479,6562,6252,6165,6276,6456,6608,6823,6872,7071,7212,7661,7610,7857,7542,7557,7794,9984
GAB,Gabon,West and Central Africa,Sub-Saharan Africa,West and Central Africa,126,143,153,174,165,135,129,139,152,151,164,160,139,104,91,105,117,137,144,143,135,107,127,120
GMB,Gambia,West and Central Africa,Sub-Saharan Africa,West and Central Africa,22,23,24,25,26,27,28,29,30,31,31,31,32,33,37,41,45,49,53,57,61,59,69,72
GEO,Georgia,Europe and Central Asia,Europe and Central Asia,Eastern Europe and Central Asia,1626,1609,1593,1771,1704,1345,1555,1288,1131,1001,1377,1553,1641,1648,1612,1713,1810,1968,2226,2536,1958,981,2959,3332
DEU,Germany,Industrialized,Europe and Central Asia,Western Europe,12305,13757,14364,15167,15671,16382,16582,16845,16697,17079,16943,17633,18110,18264,18750,18139,17179,18083,17868,18987,17670,16144,19261,21635
GHA,Ghana,West and Central Africa,Sub-Saharan Africa,West and Central Africa,46,48,52,56,58,60,62,65,66,68,69,70,72,75,82,84,91,98,104,113,118,115,129,133
GRC,Greece,Industrialized,Europe and Central Asia,Western Europe,22777,24620,25043,25328,26203,26783,25160,23983,22769,22274,21409,22129,21060,22385,20980,18506,17520,17103,17933,17793,12611,10070,9975,20207
GRD,Grenada,Latin America and the Caribbean,Latin America and Caribbean,Latin America and Caribbean,929,965,1051,1079,961,1168,1235,1222,1195,1224,1179,1173,1197,1206,1262,1284,1427,1564,1420,1352,1308,1292,1371,1450
GTM,Guatemala,Latin America and the Caribbean,Latin America and Caribbean,Latin America and Caribbean,127,133,144,152,158,160,177,191,200,210,220,238,253,268,274,275,284,304,315,337,368,314,416,436
GIN,Guinea,West and Central Africa,Sub-Saharan Africa,West and Central Africa,19,19,20,21,22,22,23,24,25,25,26,27,28,29,31,32,34,36,38,40,42,42,46,47
GNB,Guinea-Bissau,West and Central Africa,Sub-Saharan Africa,West and Central Africa,15,16,17,18,20,21,24,25,25,27,30,31,30,30,33,35,37,40,42,42,42,42,49,53
GUY,Guyana,Latin America and the Caribbean,Latin America and Caribbean,Latin America and Caribbean,185,202,211,222,231,230,230,243,250,262,273,284,289,298,316,327,338,355,384,364,369,216,491,554
HTI,Haiti,Latin America and the Caribbean,Latin America and Caribbean,Latin America and Caribbean,56,59,63,69,64,78,76,74,73,74,85,74,81,84,87,91,94,98,98,102,105,97,115,118
HND,Honduras,Latin America and the Caribbean,Latin America and Caribbean,Latin America and Caribbean,265,287,307,320,335,351,371,383,396,412,422,460,495,529,561,598,637,669,692,713,649,428,795,830
HUN,Hungary,Industrialized,Europe and Central Asia,Western Europe,6252,6676,6636,6934,7087,6656,6620,6197,6231,6250,6784,6455,6432,6409,6058,6007,5891,5762,5843,6119,4239,2619,5962,7233
ISL,Iceland,Industrialized,Europe and Central Asia,Western Europe,8191,8851,8005,10150,9517,10996,11674,12012,11760,10634,11170,14653,14425,14101,13938,15552,19148,21033,16189,15381,5250,10904,12942,22431
IND,India,South Asia,South Asia,South Asia,79,83,91,99,108,120,132,147,162,178,200,222,247,275,314,338,364,407,433,473,495,329,572,645
IDN,Indonesia,East Asia and the Pacific,East Asia and Pacific,East Asia and Pacific,127,134,144,149,149,154,157,162,169,174,177,183,193,212,228,244,261,282,296,312,277,229,353,377
IRN,Iran (Islamic Republic of),Middle East and North Africa,Middle East and North Africa,Middle East and North Africa,1191,1315,1412,1502,1611,1671,1719,1760,1823,1894,1958,1986,2005,2035,2067,2131,2211,2374,2688,3135,1794,1243,3043,4179
IRQ,Iraq,Middle East and North Africa,Middle East and North Africa,Middle East and North Africa,143,154,169,174,181,190,181,189,209,211,207,206,221,235,258,285,298,337,372,385,462,387,513,465
IRL,Ireland,Industrialized,Europe and Central Asia,Western Europe,7288,7714,8178,9237,8998,9087,9349,9349,7969,8245,9069,8129,9073,10717,11701,12124,13574,14515,13386,15333,12374,11395,11028,20079
ISR,Israel,Industrialized,Middle East and North Africa,Middle East and North Africa,4288,5130,5730,6883,8020,8481,8722,9817,9952,9866,10344,10402,10528,11289,10684,11998,11133,11743,12934,13208,11850,11123,12130,15889
ITA,Italy,Industrialized,Europe and Central Asia,Western Europe,7942,8393,8687,10388,9732,10254,10834,11005,10829,10392,10503,10365,10472,10966,11700,11849,12279,12388,13280,14004,13487,13862,10515,16327
JAM,Jamaica,Latin America and the Caribbean,Latin America and Caribbean,Latin America and Caribbean,497,510,530,554,584,576,542,566,576,590,608,672,704,689,667,680,687,683,658,621,599,409,557,600
JPN,Japan,Industrialized,East Asia and Pacific,East Asia and Pacific,9373,10059,10642,11024,11310,11923,12185,12702,12773,13359,13830,14597,15231,15744,16400,17051,17847,18987,19569,20948,23117,24816,19537,35149
JOR,Jordan,Middle East and North Africa,Middle East and North Africa,Middle East and North Africa,405,428,445,461,492,521,583,533,534,551,571,600,618,716,751,801,816,883,957,1020,891,475,1086,1263
KAZ,Kazakhstan,Europe and Central Asia,Europe and Central Asia,Eastern Europe and Central Asia,977,1078,1160,1192,1213,1272,1313,1362,1432,1653,1863,2126,2369,2591,2717,2930,3044,3266,3267,3380,1932,1466,2622,3955
KEN,Kenya,Eastern and Southern Africa,Sub-Saharan Africa,Eastern and Southern Africa,43,45,45,47,48,47,46,44,43,43,44,46,47,51,54,57,60,64,65,70,70,71,79,82
KIR,Kiribati,East Asia and the Pacific,East Asia and Pacific,East Asia and Pacific,216,235,254,272,271,275,274,275,273,275,267,276,286,309,323,332,344,339,350,342,346,256,367,403
KWT,Kuwait,Middle East and North Africa,Middle East and North Africa,Middle East and North Africa,2906,2972,3057,3111,3148,3388,3735,4113,4434,4732,5120,5577,5687,6140,6085,6612,6809,6770,7521,8016,1851,980,9138,9387
KGZ,Kyrgyzstan,Europe and Central Asia,Europe and Central Asia,Eastern Europe and Central Asia,524,536,529,521,520,516,485,485,486,483,456,454,466,502,510,551,617,681,611,633,595,500,834,881
LAO,Lao People's Democratic Republic,East Asia and the Pacific,East Asia and Pacific,East Asia and Pacific,37,41,44,47,51,58,63,70,77,87,98,115,131,151,173,187,208,228,247,267,282,276,326,356
LVA,Latvia,Industrialized,Europe and Central Asia,Western Europe,2842,3014,3257,2995,3281,3206,2931,2792,2987,3277,3798,3862,3918,3116,3139,3043,2822,2924,3084,3267,3605,1824,2839,4958
LBN,Lebanon,Middle East and North Africa,Middle East and North Africa,Middle East and North Africa,1678,1828,2009,2224,2447,2682,2757,3045,3151,3204,3139,3109,3164,3510,3184,2888,2920,2959,3060,3134,1764,905,3229,3293
LSO,Lesotho,Eastern and Southern Africa,Sub-Saharan Africa,Eastern and Southern Africa,75,68,65,63,67,61,50,37,27,24,25,26,32,37,44,53,61,68,67,73,67,63,77,78
LBR,Liberia,West and Central Africa,Sub-Saharan Africa,West and Central Africa,23,25,26,24,29,30,29,29,29,29,28,29,28,29,27,29,33,33,33,34,36,37,39,40
LBY,Libya,Middle East and North Africa,Middle East and North Africa,Middle East and North Africa,519,522,530,539,546,545,547,549,550,543,529,431,506,504,485,508,538,596,641,680,638,475,803,856
LTU,Lithuania,Industrialized,Europe and Central Asia,Western Europe,5280,5819,7058,6749,7602,7010,6670,6564,6726,7598,7838,7705,7845,7846,8308,7208,7584,7433,8017,8172,9658,9166,9807,12355
LUX,Luxembourg,Industrialized,Europe and Central Asia,Western Europe,3635,3577,4008,4829,4181,4336,4393,5383,5590,4769,4300,5758,5612,4810,5881,6008,6000,5260,8469,6554,13196,12899,12714,6680
MDG,Madagascar,Eastern and Southern Africa,Sub-Saharan Africa,Eastern and Southern Africa,28,30,31,33,34,36,37,38,39,39,41,43,44,45,47,48,49,49,50,50,53,51,55,55
MWI,Malawi,Eastern and Southern Africa,Sub-Saharan Africa,Eastern and Southern Africa,36,41,45,52,58,62,61,53,42,36,36,39,44,49,56,61,71,80,86,91,93,86,105,113
MYS,Malaysia,East Asia and the Pacific,East Asia and Pacific,East Asia and Pacific,951,1048,1167,1234,1334,1449,1547,1614,1614,1640,1702,1682,1705,1712,1678,1703,1770,1835,1919,2025,2141,1281,1783,2546
MDV,Maldives,South Asia,South Asia,South Asia,387,479,534,602,677,822,841,824,749,742,796,820,851,877,1013,1105,1162,1229,1347,1412,1200,973,1735,1938
MLI,Mali,West and Central Africa,Sub-Saharan Africa,West and Central Africa,21,22,23,25,25,26,26,26,26,27,27,27,28,29,31,32,34,35,38,41,43,42,47,49
MLT,Malta,Industrialized,Europe and Central Asia,Western Europe,5784,6644,6228,6059,7522,7555,6895,8157,8070,7505,9470,7328,8300,10715,9716,11169,8138,11274,9451,10457,8813,9062,9266,11062
MHL,Marshall Islands,East Asia and the Pacific,East Asia and Pacific,East Asia and Pacific,82,90,95,97,91,94,96,100,104,110,122,129,138,150,156,173,178,185,202,204,197,171,210,241
MRT,Mauritania,West and Central Africa,Sub-Saharan Africa,West and Central Africa,30,31,33,34,34,36,36,36,37,38,38,39,39,39,41,42,44,45,47,49,51,50,56,58
MUS,Mauritius,Eastern and Southern Africa,Sub-Saharan Africa,Eastern and Southern Africa,1220,1320,1319,1364,1353,1382,1435,1449,1463,1440,1438,1389,1401,1373,1370,1397,1342,1227,1238,1238,1388,1032,1447,1362
MEX,Mexico,Latin America and the Caribbean,Latin America and Caribbean,Latin America and Caribbean,615,640,657,686,715,752,786,820,817,831,858,915,958,991,1052,1109,1144,1157,1168,1197,864,519,1204,1324
FSM,Micronesia (Federated States of),East Asia and the Pacific,East Asia and Pacific,East Asia and Pacific,121,130,124,143,147,152,155,161,166,172,178,185,188,190,196,193,204,208,217,232,239,232,251,283
MCO,Monaco,Industrialized,Europe and Central Asia,Western Europe,5777,5457,6027,12768,12297,12424,12054,5764,5332,5409,5423,5893,11377,11198,10132,9924,9382,10025,9517,9567,2276,10822,11258,10688
MNG,Mongolia,East Asia and the Pacific,East Asia and Pacific,East Asia and Pacific,286,331,380,423,460,502,519,527,510,507,551,568,576,576,597,645,710,774,786,768,763,596,958,1018
MNE,Montenegro,Europe and Central Asia,Europe and Central Asia,Eastern Europe and Central Asia,5168,5561,6081,6201,6941,7772,7932,7679,7614,7487,8693,9268,9287,9073,9378,9220,10459,8663,9629,10097,4371,4395,4997,11578
MAR,Morocco,Middle East and North Africa,Middle East and North Africa,Middle East and North Africa,136,151,165,177,186,201,217,233,250,266,281,307,337,372,405,434,463,500,537,569,565,509,673,700
MOZ,Mozambique,Eastern and Southern Africa,Sub-Saharan Africa,Eastern and Southern Africa,36,42,51,57,65,70,71,65,57,59,67,77,96,108,104,103,111,122,144,173,176,123,214,244
MMR,Myanmar,East Asia and the Pacific,East Asia and Pacific,East Asia and Pacific,99,104,110,118,126,135,142,149,160,167,176,186,193,200,209,214,220,229,242,253,252,219,266,281
NAM,Namibia,Eastern and Southern Africa,Sub-Saharan Africa,Eastern and Southern Africa,72,77,96,107,111,91,76,63,56,55,56,59,65,72,78,94,115,136,148,169,208,120,244,225
NRU,Nauru,East Asia and the Pacific,East Asia and Pacific,East Asia and Pacific,110,104,98,98,97,96,101,97,92,86,82,90,93,96,100,96,100,100,101,106,94,112,97,117
NPL,Nepal,South Asia,South Asia,South Asia,50,57,63,70,78,86,98,104,111,116,121,129,137,147,157,167,187,208,230,255,292,266,333,332
NLD,Netherlands (Kingdom of the),Industrialized,Europe and Central Asia,Western Europe,4749,5110,5093,5424,6097,6744,7740,8675,9016,9722,10868,10859,12022,13249,13321,14522,14037,14953,15767,15622,19726,14355,17047,18117
NZL,New Zealand,Industrialized,East Asia and Pacific,East Asia and Pacific,5295,5598,5759,5547,5541,5648,5787,5271,5566,5610,5612,5733,6260,7301,8440,7517,8205,8461,8819,8654,8897,8691,2911,9363
NIC,Nicaragua,Latin America and the Caribbean,Latin America and Caribbean,Latin America and Caribbean,133,152,180,203,227,257,287,310,330,342,358,381,408,427,452,472,506,547,605,594,486,350,719,741
NER,Niger,West and Central Africa,Sub-Saharan Africa,West and Central Africa,16,16,16,17,17,18,18,19,20,21,22,23,25,26,28,30,32,34,36,38,41,41,45,47
NGA,Nigeria,West and Central Africa,Sub-Saharan Africa,West and Central Africa,16,16,16,17,17,17,17,17,17,17,17,17,17,17,17,17,18,19,20,21,22,23,24,25
NOR,Norway,Industrialized,Europe and Central Asia,Western Europe,10941,11362,12407,11521,10945,11152,11545,12368,12912,13444,14825,16836,20731,22881,27605,29916,32695,37932,43215,46234,34834,43066,29027,60475
PSE,State of Palestine,Middle East and North Africa,Middle East and North Africa,Middle East and North Africa,300,299,319,339,354,387,408,437,443,459,519,575,642,734,797,913,1043,1184,1307,1465,1367,962,1692,1864
OMN,Oman,Middle East and North Africa,Middle East and North Africa,Middle East and North Africa,1418,1512,1584,1642,1757,1857,1968,1975,2008,1917,1847,2037,2020,1983,2009,2035,2058,2096,2247,2377,1066,484,3005,3068
PAK,Pakistan,South Asia,South Asia,South Asia,46,50,54,59,66,71,78,84,88,91,94,98,102,108,114,121,130,137,143,149,148,138,169,177
PLW,Palau,East Asia and the Pacific,East Asia and Pacific,East Asia and Pacific,490,489,492,540,559,573,584,632,630,667,652,747,723,703,782,804,771,771,778,755,546,597,550,753
PAN,Panama,Latin America and the Caribbean,Latin America and Caribbean,Latin America and Caribbean,548,579,609,629,643,664,680,697,706,712,714,724,749,783,838,866,907,924,1019,1143,660,840,1247,1369
PNG,Papua New Guinea,East Asia and the Pacific,East Asia and Pacific,East Asia and Pacific,70,70,70,72,73,75,76,77,81,86,91,99,106,114,122,130,137,145,149,156,162,145,174,178
PRY,Paraguay,Latin America and the Caribbean,Latin America and Caribbean,Latin America and Caribbean,136,142,149,156,163,172,183,197,212,234,267,305,368,442,522,577,621,643,659,672,573,288,523,708
PER,Peru,Latin America and the Caribbean,Latin America and Caribbean,Latin America and Caribbean,298,326,345,355,346,363,383,408,435,452,484,503,547,586,617,646,687,724,748,829,676,366,652,1038
PHL,Philippines,East Asia and the Pacific,East Asia and Pacific,East Asia and Pacific,212,206,220,224,239,251,229,243,244,247,261,272,293,303,331,345,386,466,461,500,555,344,572,636
POL,Poland,Industrialized,Europe and Central Asia,Western Europe,12453,14728,17477,19430,20768,21922,22954,23925,24323,26845,28752,33515,36041,39462,40412,41767,40616,38487,40744,42184,27219,35006,56077,58680
PRT,Portugal,Industrialized,Europe and Central Asia,Western Europe,7590,8219,8618,9025,9712,9411,10165,9727,9194,8940,8298,9018,9157,9528,9073,8503,7474,6739,6395,6116,6665,5145,5471,5724
PRI,Puerto Rico,Not Classified,Not Classified,Not Classified,2462,2718,3052,3134,3046,3015,3342,3544,3868,4070,4015,4150,4415,4948,5068,5714,6059,6177,8662,9604,12352,2563,2318,11432
QAT,Qatar,Middle East and North Africa,Middle East and North Africa,Middle East and North Africa,2809,2737,2889,3059,3300,3388,4263,4762,4614,5242,5612,6030,6502,6854,7216,7920,8876,9560,10508,11495,8501,7994,6719,14171
KOR,Republic of Korea,East Asia and the Pacific,East Asia and Pacific,East Asia and Pacific,4465,5469,6316,6716,7498,8512,9098,9015,10209,11160,11038,11558,11846,13739,15134,15579,17494,20952,24062,28190,13028,29775,23392,43501
MDA,Republic of Moldova,Europe and Central Asia,Europe and Central Asia,Eastern Europe and Central Asia,1982,2246,2509,2631,2614,2722,2797,2799,2801,2814,3068,3332,3373,3407,2890,2723,2698,2920,2972,3023,2262,2767,3824,3829
ROU,Romania,Europe and Central Asia,Europe and Central Asia,Eastern Europe and Central Asia,1796,2066,2239,2369,2530,2632,2900,3071,2855,2814,3156,3916,4053,4581,4275,4193,4184,4176,4618,5277,4739,3907,6077,6564
RUS,Russian Federation,Europe and Central Asia,Europe and Central Asia,Eastern Europe and Central Asia,2023,2090,2051,2031,2181,2403,2800,2835,2850,3075,3097,3574,3670,3916,3973,4182,4548,5612,5957,6522,4174,3886,6511,9237
RWA,Rwanda,Eastern and Southern Africa,Sub-Saharan Africa,Eastern and Southern Africa,23,26,30,37,45,44,42,43,48,53,58,66,74,78,82,85,89,91,95,99,106,108,120,125
KNA,Saint Kitts and Nevis,Latin America and the Caribbean,Latin America and Caribbean,Latin America and Caribbean,331,374,441,468,510,532,560,588,611,635,663,690,716,780,792,861,888,909,880,933,888,653,748,1028
LCA,Saint Lucia,Latin America and the Caribbean,Latin America and Caribbean,Latin America and Caribbean,528,651,774,895,969,999,1056,1070,1087,1171,1135,1272,1296,1348,1476,1599,1616,1736,1818,1775,1776,822,1640,1789
WSM,Samoa,East Asia and the Pacific,East Asia and Pacific,East Asia and Pacific,236,242,259,270,277,276,284,289,281,260,258,254,236,239,228,228,232,229,232,236,232,232,249,277
SMR,San Marino,Industrialized,Europe and Central Asia,Western Europe,5150,4793,5271,6100,6273,7158,7069,10774,8877,10416,9819,10592,12070,10384,13075,14241,15789,17704,17236,17008,2697,3477,5367,15473
STP,Sao Tome and Principe,West and Central Africa,Sub-Saharan Africa,West and Central Africa,105,107,107,109,110,109,112,114,115,118,121,127,133,144,159,178,199,223,252,273,287,276,333,368
SAU,Saudi Arabia,Middle East and North Africa,Middle East and North Africa,Middle East and North Africa,1268,1433,1630,1839,2041,2180,2269,2348,2550,2805,3156,3336,3526,3884,4027,4249,4264,4217,4249,4775,3703,3507,5051,5797
SEN,Senegal,West and Central Africa,Sub-Saharan Africa,West and Central Africa,33,35,37,38,40,41,44,45,44,46,46,48,49,53,57,61,64,71,78,87,101,99,115,112
SRB,Serbia,Europe and Central Asia,Europe and Central Asia,Eastern Europe and Central Asia,5733,6007,6195,6380,6619,6962,7330,7397,7209,6864,6567,6491,6289,6303,6078,5966,6034,6175,6437,6480,5142,3025,5615,7628
SYC,Seychelles,Eastern and Southern Africa,Sub-Saharan Africa,Eastern and Southern Africa,1040,1143,1079,1036,955,945,970,920,908,916,1010,960,963,1073,1141,1097,1050,1037,1018,1049,1004,710,607,1290
SLE,Sierra Leone,West and Central Africa,Sub-Saharan Africa,West and Central Africa,11,12,12,13,14,14,16,17,18,19,20,21,23,26,27,31,36,40,48,52,58,62,69,74
SGP,Singapore,East Asia and the Pacific,East Asia and Pacific,East Asia and Pacific,4351,5251,5498,6311,6838,7225,7588,8072,8889,9877,11034,10761,10131,11656,11626,12560,13154,13547,13729,14233,8195,5206,3209,17170
SVK,Slovakia,Industrialized,Europe and Central Asia,Western Europe,10325,11364,12772,12963,13098,13030,14994,13303,14716,13590,14605,14533,15875,15484,16018,17173,15099,15425,15827,15310,18018,5966,14423,17767
SVN,Slovenia,Industrialized,Europe and Central Asia,Western Europe,12757,15027,16856,16563,15904,15156,13795,12921,10942,11153,10800,11257,11520,12743,12882,14077,14737,15346,18073,19512,6581,9253,5234,23989
SLB,Solomon Islands,East Asia and the Pacific,East Asia and Pacific,East Asia and Pacific,122,123,125,127,131,135,138,135,144,146,153,155,158,158,158,163,171,181,192,200,210,183,226,236
SOM,Somalia,Eastern and Southern Africa,Sub-Saharan Africa,Eastern and Southern Africa,13,13,13,13,13,13,13,14,14,15,14,16,17,18,19,19,20,22,22,24,25,23,27,30
ZAF,South Africa,Eastern and Southern Africa,Sub-Saharan Africa,Eastern and Southern Africa,250,238,213,196,182,165,159,165,155,184,199,220,226,243,267,295,323,343,361,386,393,247,367,409
SSD,South Sudan,Eastern and Southern Africa,Sub-Saharan Africa,Eastern and Southern Africa,10,11,11,14,15,17,18,20,22,24,26,26,28,27,18,16,15,15,29,36,37,36,40,42
ESP,Spain,Industrialized,Europe and Central Asia,Western Europe,18235,17821,18095,18509,17344,17270,17365,17647,16829,17991,19452,19924,21199,23145,23286,24463,25843,27156,29990,33047,24151,28772,26697,38118
LKA,Sri Lanka,South Asia,South Asia,South Asia,1228,1243,1285,1299,1283,1435,1430,1479,1556,1739,1918,1963,2031,2110,2221,2362,2444,2490,2623,2697,2429,1653,2568,3132
VCT,Saint Vincent and the Grenadines,Latin America and the Caribbean,Latin America and Caribbean,Latin America and Caribbean,608,652,709,775,842,872,912,909,860,851,836,870,824,707,793,860,1020,975,1034,1028,1063,590,1118,1142
SDN,Sudan,Middle East and North Africa,Sub-Saharan Africa,Eastern and Southern Africa,28,30,32,32,35,38,40,44,47,52,54,57,61,64,69,72,75,80,83,85,83,76,89,91
SUR,Suriname,Latin America and the Caribbean,Latin America and Caribbean,Latin America and Caribbean,116,122,136,151,172,189,205,221,240,265,295,320,331,337,346,367,401,426,450,474,491,326,535,566
SWZ,Eswatini,Eastern and Southern Africa,Sub-Saharan Africa,Eastern and Southern Africa,77,93,89,76,68,58,60,48,41,37,42,42,52,65,87,114,153,218,252,351,335,160,316,304
SWE,Sweden,Industrialized,Europe and Central Asia,Western Europe,13463,13827,12805,12182,12495,12929,12015,12162,12172,12138,12701,12718,12429,12466,12581,13682,13519,13858,14037,14413,12485,12629,13851,18753
CHE,Switzerland,Industrialized,Europe and Central Asia,Western Europe,8540,9581,9297,10128,10006,9823,10339,11004,11008,11322,10579,10574,11429,11606,11956,11936,11200,12160,11905,12742,14316,16110,20324,14045
SYR,Syrian Arab Republic,Middle East and North Africa,Middle East and North Africa,Middle East and North Africa,778,855,958,1074,1179,1268,1413,1453,1340,1436,1456,1394,1303,1167,1266,1418,1654,1671,1893,1616,1676,1279,1886,1899
TJK,Tajikistan,Europe and Central Asia,Europe and Central Asia,Eastern Europe and Central Asia,465,470,582,728,763,807,842,947,977,962,1021,1065,1169,1264,1279,1300,1350,1647,1705,1733,1124,1179,2057,2202
TZA,United Republic of Tanzania,Eastern and Southern Africa,Sub-Saharan Africa,Eastern and Southern Africa,34,39,42,47,51,53,51,42,37,38,40,41,44,41,43,46,50,57,63,70,128,129,140,78
MKD,North Macedonia,Europe and Central Asia,Europe and Central Asia,Eastern Europe and Central Asia,5239,6791,6227,7765,8772,10230,10160,10469,12415,12052,12331,14616,13107,14713,15368,16984,16537,18839,19682,21933,10032,6155,29515,29386
THA,Thailand,East Asia and the Pacific,East Asia and Pacific,East Asia and Pacific,1277,1358,1466,1588,1547,1713,1816,1872,1980,2017,2049,2044,2099,2264,2376,2462,2529,2619,2717,2778,2648,2560,882,2895
TLS,Timor-Leste,East Asia and the Pacific,East Asia and Pacific,East Asia and Pacific,24,26,27,27,29,31,35,38,41,46,51,57,64,72,80,90,100,112,125,137,130,133,152,190
TGO,Togo,West and Central Africa,Sub-Saharan Africa,West and Central Africa,43,44,48,50,50,50,47,47,47,45,43,43,44,45,46,49,50,53,54,58,61,62,69,73
TON,Tonga,East Asia and the Pacific,East Asia and Pacific,East Asia and Pacific,255,259,258,261,269,269,283,290,297,292,316,328,338,355,365,378,394,413,440,458,458,453,484,527
TTO,Trinidad and Tobago,Latin America and the Caribbean,Latin America and Caribbean,Latin America and Caribbean,826,877,938,979,1054,1101,1133,1158,1189,1208,1210,1243,1300,1336,1353,1348,1351,1354,1353,1319,2073,1374,2500,1437
TUN,Tunisia,Middle East and North Africa,Middle East and North Africa,Middle East and North Africa,916,967,1020,1045,1081,1108,1138,1161,1174,1177,1145,1082,1046,1044,1065,1109,1164,1238,1296,1333,1322,912,1525,1667
TUR,The Republic of Türkiye,Europe and Central Asia,Europe and Central Asia,Eastern Europe and Central Asia,1204,1297,1428,1533,1600,1676,1751,1838,1933,2039,2163,2171,2292,2461,2448,2535,2582,2785,3017,3313,3117,3148,3142,4620
TKM,Turkmenistan,Europe and Central Asia,Europe and Central Asia,Eastern Europe and Central Asia,1373,1621,1875,2112,2295,2431,2596,2862,3226,3661,4033,4354,4584,4766,5077,5401,5794,6106,6431,6776,6716,6549,8022,8411
TUV,Tuvalu,East Asia and the Pacific,East Asia and Pacific,East Asia and Pacific,130,136,143,163,167,154,158,164,168,169,168,209,205,205,202,196,189,183,199,197,150,199,141,185
UGA,Uganda,Eastern and Southern Africa,Sub-Saharan Africa,Eastern and Southern Africa,33,35,38,40,41,38,39,47,51,51,55,58,61,57,58,62,70,78,84,91,97,96,115,127
UKR,Ukraine,Europe and Central Asia,Europe and Central Asia,Eastern Europe and Central Asia,3403,3700,3788,3703,3601,3625,3395,3249,3079,3271,3735,3871,3778,3861,4165,4821,5073,5639,5963,6275,5662,4248,8707,9109
ARE,United Arab Emirates,Middle East and North Africa,Middle East and North Africa,Middle East and North Africa,4307,5498,6845,8088,9481,10949,14276,17333,19688,16968,16694,16791,16414,16464,17807,19447,20885,22191,24651,25857,10561,12107,32139,29127
GBR,United Kingdom,Industrialized,Europe and Central Asia,Western Europe,5723,5590,5300,4982,5036,5349,5459,5623,5534,5851,5971,6306,6822,7280,7120,7001,6836,7203,7260,7663,5337,5561,4782,8751
USA,United States,Industrialized,North America,North America,4842,4694,4614,4456,4484,4425,4283,4248,4206,4097,4223,4061,3980,3902,3747,3651,3531,3602,3729,3792,3076,2196,3359,4161
URY,Uruguay,Latin America and the Caribbean,Latin America and Caribbean,Latin America and Caribbean,2071,2059,2127,2255,2411,2541,2672,2818,2902,3089,3183,3343,3336,3358,3358,3408,3509,3727,4152,4467,3810,1562,3964,5165
UZB,Uzbekistan,Europe and Central Asia,Europe and Central Asia,Eastern Europe and Central Asia,848,902,952,1004,1024,1047,1060,1059,1060,1104,1145,1196,1219,1181,1150,1154,1190,1214,1196,1147,1112,1096,1102,1131
VUT,Vanuatu,East Asia and the Pacific,East Asia and Pacific,East Asia and Pacific,168,173,183,182,185,193,200,203,205,209,207,211,215,212,212,216,221,222,226,235,236,208,252,270
VEN,Venezuela (Bolivarian Republic of),Latin America and the Caribbean,Latin America and Caribbean,Latin America and Caribbean,400,346,406,373,397,403,395,425,387,377,379,400,373,352,333,331,284,239,232,245,249,209,243,234
VNM,Viet Nam,East Asia and the Pacific,East Asia and Pacific,East Asia and Pacific,575,612,653,684,688,749,788,797,809,830,860,867,858,862,826,845,917,954,1050,1054,1082,1094,1197,1270
YEM,Yemen,Middle East and North Africa,Middle East and North Africa,Middle East and North Africa,67,72,78,84,91,100,107,117,127,133,143,152,154,156,157,156,157,148,157,162,157,137,172,182
ZMB,Zambia,Eastern and Southern Africa,Sub-Saharan Africa,Eastern and Southern Africa,54,61,68,75,72,71,71,58,48,46,57,66,76,93,117,134,133,152,186,215,228,165,260,277
ZWE,Zimbabwe,Eastern and Southern Africa,Sub-Saharan Africa,Eastern and Southern Africa,67,60,66,61,62,61,59,53,50,47,43,41,41,44,51,58,62,67,69,70,71,61,74,78